{
  "hash": "785f45c5",
  "configHash": "ff2b46c2",
  "lockfileHash": "8a9c919e",
  "browserHash": "6a3e6906",
  "optimized": {
    "@angular/common": {
      "src": "../../../../../../node_modules/@angular/common/fesm2022/common.mjs",
      "file": "@angular_common.js",
      "fileHash": "ea57fcf9",
      "needsInterop": false
    },
    "@angular/core": {
      "src": "../../../../../../node_modules/@angular/core/fesm2022/core.mjs",
      "file": "@angular_core.js",
      "fileHash": "e44fe4d3",
      "needsInterop": false
    },
    "@angular/platform-browser": {
      "src": "../../../../../../node_modules/@angular/platform-browser/fesm2022/platform-browser.mjs",
      "file": "@angular_platform-browser.js",
      "fileHash": "538b2774",
      "needsInterop": false
    },
    "@angular/platform-browser/animations/async": {
      "src": "../../../../../../node_modules/@angular/platform-browser/fesm2022/animations/async.mjs",
      "file": "@angular_platform-browser_animations_async.js",
      "fileHash": "63928b5c",
      "needsInterop": false
    },
    "@angular/platform-server": {
      "src": "../../../../../../node_modules/@angular/platform-server/fesm2022/platform-server.mjs",
      "file": "@angular_platform-server.js",
      "fileHash": "34268608",
      "needsInterop": false
    },
    "@angular/router": {
      "src": "../../../../../../node_modules/@angular/router/fesm2022/router.mjs",
      "file": "@angular_router.js",
      "fileHash": "31b1b808",
      "needsInterop": false
    },
    "@angular/ssr": {
      "src": "../../../../../../node_modules/@angular/ssr/fesm2022/ssr.mjs",
      "file": "@angular_ssr.js",
      "fileHash": "bdf2aaa1",
      "needsInterop": false
    },
    "@angular/ssr/node": {
      "src": "../../../../../../node_modules/@angular/ssr/fesm2022/node.mjs",
      "file": "@angular_ssr_node.js",
      "fileHash": "1b444221",
      "needsInterop": false
    },
    "express": {
      "src": "../../../../../../node_modules/express/index.js",
      "file": "express.js",
      "fileHash": "cd9f255b",
      "needsInterop": true
    }
  },
  "chunks": {
    "browser-W372OMSU": {
      "file": "browser-W372OMSU.js"
    },
    "xhr2-TXIMV6CV": {
      "file": "xhr2-TXIMV6CV.js"
    },
    "chunk-E45HEXM5": {
      "file": "chunk-E45HEXM5.js"
    },
    "chunk-374UCYDV": {
      "file": "chunk-374UCYDV.js"
    },
    "chunk-C7K7456E": {
      "file": "chunk-C7K7456E.js"
    },
    "chunk-Z65RTTYB": {
      "file": "chunk-Z65RTTYB.js"
    },
    "chunk-GWOHOPUO": {
      "file": "chunk-GWOHOPUO.js"
    },
    "chunk-C5KUQ6XX": {
      "file": "chunk-C5KUQ6XX.js"
    },
    "chunk-Z5IWENK5": {
      "file": "chunk-Z5IWENK5.js"
    },
    "chunk-YHCV7DAQ": {
      "file": "chunk-YHCV7DAQ.js"
    }
  }
}