{
  "hash": "8a7d3a51",
  "configHash": "1c3199b7",
  "lockfileHash": "8a9c919e",
  "browserHash": "7827a2ce",
  "optimized": {
    "@angular/common": {
      "src": "../../../../../../node_modules/@angular/common/fesm2022/common.mjs",
      "file": "@angular_common.js",
      "fileHash": "bb55472d",
      "needsInterop": false
    },
    "@angular/core": {
      "src": "../../../../../../node_modules/@angular/core/fesm2022/core.mjs",
      "file": "@angular_core.js",
      "fileHash": "97e0db64",
      "needsInterop": false
    },
    "@angular/platform-browser": {
      "src": "../../../../../../node_modules/@angular/platform-browser/fesm2022/platform-browser.mjs",
      "file": "@angular_platform-browser.js",
      "fileHash": "61ab7f50",
      "needsInterop": false
    },
    "@angular/platform-browser/animations/async": {
      "src": "../../../../../../node_modules/@angular/platform-browser/fesm2022/animations/async.mjs",
      "file": "@angular_platform-browser_animations_async.js",
      "fileHash": "1134c470",
      "needsInterop": false
    },
    "@angular/router": {
      "src": "../../../../../../node_modules/@angular/router/fesm2022/router.mjs",
      "file": "@angular_router.js",
      "fileHash": "13cc88db",
      "needsInterop": false
    }
  },
  "chunks": {
    "chunk-OWOG724K": {
      "file": "chunk-OWOG724K.js"
    },
    "browser-KGXUFYJT": {
      "file": "browser-KGXUFYJT.js"
    },
    "chunk-DGEC4I3I": {
      "file": "chunk-DGEC4I3I.js"
    },
    "chunk-6YD6TZZR": {
      "file": "chunk-6YD6TZZR.js"
    }
  }
}