{
  "hash": "d9a5ec24",
  "configHash": "82ae69bb",
  "lockfileHash": "8a9c919e",
  "browserHash": "3c6af58c",
  "optimized": {
    "@angular/common": {
      "src": "../../../../../../node_modules/@angular/common/fesm2022/common.mjs",
      "file": "@angular_common.js",
      "fileHash": "eb183b8d",
      "needsInterop": false
    },
    "@angular/core": {
      "src": "../../../../../../node_modules/@angular/core/fesm2022/core.mjs",
      "file": "@angular_core.js",
      "fileHash": "6914570a",
      "needsInterop": false
    },
    "@angular/platform-browser": {
      "src": "../../../../../../node_modules/@angular/platform-browser/fesm2022/platform-browser.mjs",
      "file": "@angular_platform-browser.js",
      "fileHash": "309fe36c",
      "needsInterop": false
    },
    "@angular/platform-browser/animations/async": {
      "src": "../../../../../../node_modules/@angular/platform-browser/fesm2022/animations/async.mjs",
      "file": "@angular_platform-browser_animations_async.js",
      "fileHash": "48e37102",
      "needsInterop": false
    },
    "@angular/router": {
      "src": "../../../../../../node_modules/@angular/router/fesm2022/router.mjs",
      "file": "@angular_router.js",
      "fileHash": "0c4d7926",
      "needsInterop": false
    }
  },
  "chunks": {
    "chunk-OWOG724K": {
      "file": "chunk-OWOG724K.js"
    },
    "browser-KGXUFYJT": {
      "file": "browser-KGXUFYJT.js"
    },
    "chunk-DGEC4I3I": {
      "file": "chunk-DGEC4I3I.js"
    },
    "chunk-6YD6TZZR": {
      "file": "chunk-6YD6TZZR.js"
    }
  }
}